{
  "sections": {
    "main": {
      "type": "main-page",
      "disabled": true,
      "settings": {
        "padding_top": 0,
        "padding_bottom": 0
      }
    },
    "staff_picks_paD6kz": {
      "type": "staff-picks",
      "settings": {
        "title": "Staff Picks",
        "subtitle": "HANDPICKED ESSENTIALS FOR CULTIVATED LISTENING",
        "products_to_show": 4,
        "show_view_all": true,
        "show_vendor": true,
        "use_alt_background": true,
        "padding_top": 64,
        "padding_bottom": 64
      }
    },
    "scrolling_text_6qV8Ae": {
      "type": "scrolling-text",
      "settings": {
        "text": "New Arrivals • Restocks • Rare Finds • Pre-Orders",
        "speed": 25
      }
    },
    "featured_collection_iXreka": {
      "type": "featured-collection",
      "settings": {
        "title": "Latest Drops",
        "subtitle": "Fresh in the bins",
        "products_to_show": 4,
        "show_view_all": true,
        "show_vendor": true,
        "use_alt_background": false,
        "padding_top": 64,
        "padding_bottom": 64
      }
    },
    "homepage_grid_qLGJDj": {
      "type": "homepage-grid",
      "settings": {
        "products_to_show": 8,
        "show_vendor": true
      }
    },
    "store_info_Mg3BhK": {
      "type": "store-info",
      "settings": {
        "heading": "We simplify music discovery with a curated selection of vinyl records and audio essentials.",
        "location": "Brooklyn",
        "link_text": "Visit Our Brooklyn Store",
        "padding_top": 64,
        "padding_bottom": 64
      }
    }
  },
  "order": [
    "main",
    "staff_picks_paD6kz",
    "scrolling_text_6qV8Ae",
    "featured_collection_iXreka",
    "homepage_grid_qLGJDj",
    "store_info_Mg3BhK"
  ]
}
