[
  {
    "name": "theme_info",
    "theme_name": "Cultivated Sounds",
    "theme_author": "Cultivated Sounds",
    "theme_version": "1.0.0",
    "theme_documentation_url": "https://github.com/cultivated-sounds/cultivated-sounds",
    "theme_support_url": "https://github.com/cultivated-sounds/cultivated-sounds/issues"
  },
  {
    "name": "Brand",
    "settings": [
      {
        "type": "image_picker",
        "id": "logo",
        "label": "Logo"
      },
      {
        "type": "range",
        "id": "logo_width",
        "min": 50,
        "max": 300,
        "step": 10,
        "default": 100,
        "unit": "px",
        "label": "Logo width"
      }
    ]
  },
  {
    "name": "Colors",
    "settings": [
      {
        "type": "color",
        "id": "colors_background",
        "label": "Background",
        "default": "#f2f0e9"
      },
      {
        "type": "color",
        "id": "colors_text",
        "label": "Text",
        "default": "#111111"
      },
      {
        "type": "color",
        "id": "colors_accent_1",
        "label": "Accent 1 (Blue)",
        "default": "#1a23db"
      },
      {
        "type": "color",
        "id": "colors_accent_2",
        "label": "Accent 2 (Red)",
        "default": "#e63946"
      }
    ]
  },
  {
    "name": "Typography",
    "settings": [
      {
        "type": "header",
        "content": "Fonts are currently hardcoded to Google Fonts in theme.liquid"
      },
      {
        "type": "font_picker",
        "id": "type_header_font",
        "label": "Heading font",
        "default": "serif"
      },
      {
        "type": "font_picker",
        "id": "type_body_font",
        "label": "Body font",
        "default": "sans-serif"
      }
    ]
  },
  {
    "name": "Layout",
    "settings": [
      {
        "type": "range",
        "id": "page_width",
        "min": 1000,
        "max": 1600,
        "step": 100,
        "default": 1200,
        "unit": "px",
        "label": "Page width"
      }
    ]
  },
  {
    "name": "Social Media",
    "settings": [
      {
        "type": "text",
        "id": "social_twitter_link",
        "label": "Twitter",
        "info": "https://twitter.com/shopify"
      },
      {
        "type": "text",
        "id": "social_facebook_link",
        "label": "Facebook",
        "info": "https://facebook.com/shopify"
      },
      {
        "type": "text",
        "id": "social_pinterest_link",
        "label": "Pinterest",
        "info": "https://pinterest.com/shopify"
      },
      {
        "type": "text",
        "id": "social_instagram_link",
        "label": "Instagram",
        "info": "http://instagram.com/shopify"
      },
      {
        "type": "text",
        "id": "social_tiktok_link",
        "label": "TikTok",
        "info": "https://tiktok.com/@shopify"
      },
      {
        "type": "text",
        "id": "social_youtube_link",
        "label": "YouTube",
        "info": "https://www.youtube.com/shopify"
      },
      {
        "type": "text",
        "id": "social_vimeo_link",
        "label": "Vimeo",
        "info": "https://vimeo.com/shopify"
      }
    ]
  },
  {
    "name": "Favicon",
    "settings": [
      {
        "type": "image_picker",
        "id": "favicon",
        "label": "Favicon image"
      }
    ]
  },
  {
    "name": "Cart",
    "settings": [
      {
        "type": "select",
        "id": "cart_type",
        "options": [
          {
            "value": "drawer",
            "label": "Drawer"
          },
          {
            "value": "page",
            "label": "Page"
          },
          {
            "value": "notification",
            "label": "Notification"
          }
        ],
        "default": "drawer",
        "label": "Cart type"
      },
      {
        "type": "checkbox",
        "id": "show_cart_note",
        "default": false,
        "label": "Enable cart note"
      }
    ]
  }
]
