{
  "name": "Footer",
  "type": "footer",
  "sections": {
    "footer": {
      "type": "footer",
      "blocks": {
        "explore": {
          "type": "link_list",
          "settings": {
            "heading": "Explore",
            "menu": "main-menu"
          }
        },
        "support": {
          "type": "link_list",
          "settings": {
            "heading": "Support",
            "menu": "footer"
          }
        }
      },
      "block_order": [
        "explore",
        "support"
      ],
      "settings": {
      }
    }
  },
  "order": [
    "footer"
  ]
}
