{
  "name": "Header Group",
  "type": "header",
  "sections": {
    "header": {
      "type": "header",
      "settings": {
        "logo_width": 100,
        "menu": "main-menu",
        "padding_top": 0,
        "padding_bottom": 0
      }
    },
    "announcement_bar_zp8HWi": {
      "type": "announcement-bar",
      "name": "Announcement Bar",
      "settings": {
        "text": "Free shipping on all domestic orders over $50",
        "speed": 20
      }
    }
  },
  "order": [
    "announcement_bar_zp8HWi",
    "header"
  ]
}
